{
    "Version":150602,
    "ProtocolVersions":[2.0,2.1],
    "ActionsType":[
                   {
                   "Name":"Polled",
                   "Description":"This message is a command use to query or set a value"
                   },
                   {
                   "Name":"Announce",
                   "Description":"This message may be sent by the device at any time to report a value"
                   },
                   {
                   "Name":"Both",
                   "Description":"This message may be sent by the device at any time to report a value, or a used to query or set a value"
                   }
                  ],
    "Formats":[
               {
               "Name":"String",
               "Description":"String of any valid Language of Things data characters"
               },
               {
               "Name":"Float",
               "Description":"Floating point number"
               },
               {
               "Name":"Int",
               "Description":"Whole number (integer)"
               },
               {
               "Name":"ONOFF",
               "Description":"Either ON or OFF (boolean)"
               },
               {
               "Name":"ONOFFTOG",
               "Description":"Either ON, OFF or TOG. (TOG switches the current value between ON or OFF)"
               },
               {
               "Name":"ID",
               "Description":"Two character device ID of any valid Language of Things ID characters"
               },
               {
               "Name":"Hex",
               "Description":"Hexadecimal value"
               },
               {
               "Name":"ReadOnlyHex",
               "Description":"Hexadecimal value that can only be read"
               },
               {
               "Name":"Period",
               "Description":"Period of time represented as 3 digit value and period multiplier of T(milli seconds), S(seconds), M(minutes), H(hours), D(days)"
               },
               {
               "Name":"SleepMode",
               "Description":"Sleep mode represented as one of the follow. Sleep Off = 0 \n Interrupt = 8 \n Cyclic = 16 \n Polled = 32"
               },
               {
               "Name":"ENKey",
               "Description":"Hexadecimal string when sent to a radio, ACK in response"
               },
               {
               "Name":"ALRTOFF",
               "Description":"Alert state for off for normal state, Either ALRT or OFF (boolean)"
               }
               ],
    "Reading Periods":[
                         {
                         "Period":"010S",
                         "Description":"10 Second reading interval"
                         },
                         {
                         "Period":"001M",
                         "Description":"1 Minute reading interval"
                         },
                         {
                         "Period":"005M",
                         "Description":"5 Minute reading interval"
                         },
                         {
                         "Period":"010M",
                         "Description":"10 Minute reading interval"
                         },
                         {
                         "Period":"030M",
                         "Description":"30 Minute reading interval"
                         },
                         {
                         "Period":"001H",
                         "Description":"1 Hour reading interval"
                         },
                         {
                         "Period":"002H",
                         "Description":"2 Hour reading interval"
                         },
                         {
                         "Period":"006H",
                         "Description":"6 Hour reading interval"
                         },
                         {
                         "Period":"012H",
                         "Description":"12 Hours reading interval"
                         },
                         {
                         "Period":"024H",
                         "Description":"24 Hours reading interval"
                         }
                        ],
    "Valid Characters":{
                        "id":{
                               "string":"ABCDEFGHIJKLMNOPQRSTUVWXYZ-#@?\\*",
                               "regex":"[A-Z-#@?\\*]"
                              },
                        "data":{
                                 "string":"ABCDEFGHIJKLMNOPQRSTUVWXYZ0123456789 !\"#$%&'()*+,-.:;<=>?@[\\\/]^_`{|}~",
                                 "regex":"[A-Z0-9:punct: ]"
                                }
                        },
    "Generic Commands":[
                        {
                        "Command":"ACK",
                        "ProtocolFrom":1.0,
                        "Description":"Sent as a general acknowledegment of an incoming announcement message."
                        },
                        {
                        "Command":"APVER",
                        "ProtocolFrom":1.0,
                        "Format":"Float",
                        "Description":"Request Language of Things protocol version."
                        },
                        {
                        "Command":"DEVTYPE",
                        "ProtocolFrom":1.0,
                        "Format":"String",
                        "Description":"Request the device type for Languages of Things protocol version 1.x devices.\n Response is a nine character device type e.g. aXXU00000001 Device types beginning with U are reserved for users to assign to their own prototype devices. All other device types will be kept on a register by CISECO Ltd and will be update on a regular basis. In Language of Things Protocol version 1.1 this was changed to a eight character field e.g. aXXU0000001-"
                        },
                        {
                        "Command":"DTY",
                        "ProtocolFrom":2.0,
                        "Format":"String",
                        "Description":"Request the device type for Languages of Things protocol version 2.x devices.\n A registry of DTY's is held by CISECO Ltd and will be update on a regular basis."
                        },
                        {
                        "Command":"DEVNAME",
                        "ProtocolFrom":1.0,
                        "Format":"String",
                        "Description":"Request the manufacturer device name for Languages of Things protocol version 1.x devices.\nResponse is a nine character “friendly” name."
                        },
                        {
                        "Command":"DNM",
                        "ProtocolFrom":2.0,
                        "Format":"String",
                        "Description":"Request the manufacturer device name for Languages of Things protocol version 2.x devices\n "
                        },
                        {
                        "Command":"DMI",
                        "ProtocolFrom":2.0,
                        "Format":"String",
                        "Description":"Request the device manufacturer ID\n 000001 = CISECO"
                        },
                        {
                        "Command":"DVI",
                        "ProtocolFrom":2.1,
                        "Format":"String",
                        "Description":"Request the device variant information."
                        },
                        {
                        "Command":"HELLO",
                        "ProtocolFrom":1.0,
                        "Description":"Request the device to acknowledge it’s there."
                        },
                        {
                        "Command":"SER",
                        "ProtocolFrom":1.0,
                        "Format":"String",
                        "Description":"Request the serial number of Languages of Things protocol version 1.x devices.\n Also used to set serial number, can only be done once after sending $ER command"
                        },
                        {
                        "Command":"$ER",
                        "ProtocolFrom":1.0,
                        "Description":"Initiate Serial number update (as retrieved and set via the SER command). Can be only used once. For Languages of Things protocol version 1.x devices"
                        },
                        {
                        "Command":"SNH",
                        "ProtocolFrom":2.0,
                        "Format":"ReadOnlyHex",
                        "Description":"Request the manufacturer serial number HIGH Bytes"
                        },
                        {
                        "Command":"SNL",
                        "ProtocolFrom":2.0,
                        "Format":"ReadOnlyHex",
                        "Description":"Request the manufacturer serial number LOW Bytes"
                        },
                        {
                        "Command":"ENC",
                        "ProtocolFrom":2.0,
                        "Format":"ONOFF",
                        "Description":"Turn Encryption On or OFF"
                        },
                        {
                        "Command":"EN1",
                        "ProtocolFrom":2.0,
                        "Format":"ENKey",
                        "Description":"Set 1st set of three bytes of the Encryption Key. Unlike other commands the reply will be an EN1ACK"
                        },
                        {
                        "Command":"EN2",
                        "ProtocolFrom":2.0,
                        "Format":"ENKey",
                        "Description":"Set 2nd set of three bytes of the Encryption Key. Unlike other commands the reply will be an EN2ACK"
                        },
                        {
                        "Command":"EN3",
                        "ProtocolFrom":2.0,
                        "Format":"ENKey",
                        "Description":"Set 3rd set of three bytes of the Encryption Key. Unlike other commands the reply will be an EN3ACK"
                        },
                        {
                        "Command":"EN4",
                        "ProtocolFrom":2.0,
                        "Format":"ENKey",
                        "Description":"Set 4th set of three bytes of the Encryption Key. Unlike other commands the reply will be an EN4ACK"
                        },
                        {
                        "Command":"EN5",
                        "ProtocolFrom":2.0,
                        "Format":"ENKey",
                        "Description":"Set 5th set of three bytes of the Encryption Key. Unlike other commands the reply will be an EN5ACK"
                        },
                        {
                        "Command":"EN6",
                        "ProtocolFrom":2.0,
                        "Format":"ENKey",
                        "Description":"Set last byte of the Encryption Key. Unlike other commands the reply will be an EN6ACK"
                        },
                        {
                        "Command":"FVER",
                        "ProtocolFrom":1.0,
                        "Format":"Float",
                        "Description":"Request the manufacturer firmware version"
                        },
                        {
                        "Command":"CHDEVID",
                        "ProtocolFrom":1.0,
                        "Format":"ID",
                        "Description":"Request the current device ID or set a new one"
                        },
                        {
                        "Command":"PANID",
                        "ProtocolFrom":1.0,
                        "Format":"Hex",
                        "Description":"Requests the current PANID or set a new one (the id of the channel the device listens to). PANID is a four character hexadecimal number on Ciseco wireless networks. All devices within the same PANID can communicate with each other. The change will only take place when the device is reset or powered on/off."
                        },
                        {
                        "Command":"REBOOT",
                        "ProtocolFrom":1.0,
                        "Description":"Request that the device reboots itself, This saves the current device configuration to non volatile memory."
                        },
                        {
                        "Command":"RETRIES",
                        "ProtocolFrom":1.0,
                        "Format":"Int",
                        "Description":"Set the amount of retries for 'Announcement' messages, default is 5 (number can be 00-99). After an Announcement messages sent the radio listens for 50 milliseconds. If an ACK message is received the device will go back to sleep, otherwise the message the device tries again."
                        },
                        {
                        "Command":"BATT",
                        "ProtocolFrom":1.0,
                        "Format":"Float",
                        "Description":"Request battery level in Volts"
                        },
                        {
                        "Command":"SLEEP",
                        "ProtocolFrom":1.0,
                        "Format":"Period",
                        "Description":"Requests the device sleep for a period of time. After which the device will return to an AWAKE state\n For Interrupt sleeping devices a command with no period aXXSLEEP---- will cause the device to sleep permanently until woken by an external interrupt e.g. A button press"
                        },
                        {
                        "Command":"SAVE",
                        "ProtocolFrom":1.2,
                        "Description":"Save the current device configuration to non volatile memory."
                        },
                        {
                        "Command":"LLAPRESET",
                        "ProtocolFrom":1.2,
                        "Description":"Reset all device configurations values that can be changed via Language of Things messages to the default values. The values are not saved to the config, SAVE or REBOOT commands will be needed to make the changes permanent."
                        },
                        {
                        "Command":"CONFIGEND",
                        "ProtocolFrom":2.0,
                        "Description":"Exit config mode resetting working ID to the stored ID, any config changes are not saved"
                        },
                        {
                        "Command":"CONFIGON",
                        "ProtocolFrom":2.0,
                        "Description":"Enter config mode, the device will go into CONFIGME just as if the config button had been pressed"
                        },
                        {
                        "Command":"SLEEPM",
                        "ProtocolFrom":1.2,
                        "Format":"SleepMode",
                        "Description":"Set and return the sleep mode. Represented as one of the following.\n Sleep Off = 0 \n Interrupt = 8 \n Cyclic = 16 \n Polled = 32 "
                        },
                        {
                        "Command":"RSSI",
                        "ProtocolFrom":2.0,
                        "Format":"Int",
                        "Description":"Request an RSSI reading from the device, Returns a negative dBm RSSI of the RSSI enquiry message when received"
                        }
                        ],
    "Cyclic Commands":[
                       {
                       "Command":"INTVL",
                       "ProtocolFrom":1.0,
                       "Format":"Period",
                       "Description":"Sets the sleep interval between reading periods"
                       },
                       {
                       "Command":"CYCLE",
                       "ProtocolFrom":1.0,
                       "Description":"Start cyclic sleeping mode (only applies to cyclic sleeping devices)"
                       },
                       {
                       "Command":"WAKE",
                       "ProtocolFrom":1.0,
                       "Description":"Wake a sleeping device, use to get out of cyclic sleep"
                       },
                       {
                       "Command":"WAKEC",
                       "ProtocolFrom":1.0,
                       "Format":"Int",
                       "Description":"Change how often a sleeping device reports its battery reading and wake opportunity"
                       }
                       ],
    "Announcements":[
                     {
                     "Command":"STARTED",
                     "ProtocolFrom":1.0,
                     "Description":"This is to notify the hub that a device has just started. The hub can then add the device back into the list of active devices."
                     },
                     {
                     "Command":"ERROR",
                     "ProtocolFrom":1.0,
                     "Format":"Int",
                     "Description":"This is to notify that something unexpected happened at the device and that should be investigated. The nnnn can be used by the manufacturer to denote what type of error occurred."
                     },
                     {
                     "Command":"SLEEPING",
                     "ProtocolFrom":1.0,
                     "Description":"Device is going to sleep (only applies to devices that support sleep)."
                     },
                     {
                     "Command":"AWAKE",
                     "ProtocolFrom":1.0,
                     "Description":"Device is now awake and listening for commands, for 100 milliseconds. A device can be kept awake by sending a WAKE command."
                     },
                     {
                     "Command":"BATTLOW",
                     "ProtocolFrom":1.0,
                     "Description":"Device battery is low (only applies to battery powered devices)."
                     },
                     {
                     "Command":"CONFIGME",
                     "ProtocolFrom":2.0,
                     "Description":"A device is in configuration mode."
                     }
                     ],
    "Sleep Modes":[
                   {
                   "Mode":"Cyclic",
                   "Description":"Cyclic sleeping devices sleep for a period of time, then wake up, send a reading and go back to sleep, starting the cycle over again. The length of the sleep period is set via the INTVL command. After a number of wakes (as set by WAKEC) it will also send an AWAKE message and a BATT reading and then listen for 100 milliseconds, if no message is received the device sends a SLEEPING message and returns to sleep."
                   },
                   {
                   "Mode":"Interrupt",
                   "Description":"Interrupt sleeping device will sleep until an external interrupt is received. e.g. A button press"
                   },
                   {
                   "Mode":"Polled",
                   "Description":"Polled sleeping device can be told to sleep for a period of time (SLEEP command), after which they will return to an awake state."
                   }
                   ],
    "Power Classes":{
                    "SB":"Standard Battery",
                    "LB":"Large Battery",
                    "RB":"Rechargeable Battery",
                    "MP":"Mains Power (240V)",
                    "SP":"Solar Power",
                    "DC":"DC Power"
                    },
    "Antenna Classes":{
                      "CA":"Chip Antenna",
                      "WA":"Wire Antenna",
                      "XA":"External Antenna"
                      }
}
